<?xml version="1.0" encoding="UTF-8"?>
<!DOCTYPE hibernate-mapping SYSTEM 
"http://hibernate.sourceforge.net/hibernate-mapping-3.0.dtd">
  
 <hibernate-mapping>  
	<class name="com.cognizant.model.Leave1" table="leave1">
		<id name="leaveid">
			<generator class="assigned"></generator>
		</id>
		
		<property name="empId" column="empid"></property>
		<property name="leaveStartDate" column="LeaveStartDate"></property>
		<property name="leaveEndDate" column="LeaveEndDate"></property>
	</class>
 </hibernate-mapping>